keyword,url
blocked drain manchester,https://manchesterblockeddrain.co.uk/
blocked drains manchester,https://manchesterblockeddrain.co.uk/
blocked drains in manchester,https://manchesterblockeddrain.co.uk/
drain blockage manchester,https://manchesterblockeddrain.co.uk/
manchester blocked drains,https://manchesterblockeddrain.co.uk/
blocked toilet manchester,https://manchesterblockeddrain.co.uk/services/blocked-drains/blocked-toilet
blocked sink manchester,https://manchesterblockeddrain.co.uk/services/blocked-drains/blocked-sink
cctv drain survey manchester,https://manchesterblockeddrain.co.uk/services/cctv-drain-surveys
cctv drain survey cost,https://manchesterblockeddrain.co.uk/services/cctv-drain-surveys
cctv drainage survey cost,https://manchesterblockeddrain.co.uk/services/cctv-drain-surveys
drainage cctv survey cost,https://manchesterblockeddrain.co.uk/services/cctv-drain-surveys
drain jetting manchester,https://manchesterblockeddrain.co.uk/services/drain-jetting
high pressure drain jetting,https://manchesterblockeddrain.co.uk/services/drain-jetting
emergency drain unblocking manchester,https://manchesterblockeddrain.co.uk/services/emergency-drain-services
24 hour drain unblocking manchester,https://manchesterblockeddrain.co.uk/services/emergency-drain-services
drain repairs manchester,https://manchesterblockeddrain.co.uk/services/drain-repairs
drain relining manchester,https://manchesterblockeddrain.co.uk/services/drain-repairs/pipe-relining
blocked drains salford,https://manchesterblockeddrain.co.uk/locations/salford/blocked-drains
blocked drains stockport,https://manchesterblockeddrain.co.uk/locations/stockport/blocked-drains
blocked drains didsbury,https://manchesterblockeddrain.co.uk/locations/didsbury/blocked-drains
blocked drains chorlton,https://manchesterblockeddrain.co.uk/locations/chorlton/blocked-drains
blocked drains bolton,https://manchesterblockeddrain.co.uk/locations/bolton/blocked-drains
blocked drains altrincham,https://manchesterblockeddrain.co.uk/locations/altrincham/blocked-drains
blocked drains rochdale,https://manchesterblockeddrain.co.uk/locations/rochdale/blocked-drains
drain unblocking near me,https://manchesterblockeddrain.co.uk/locations
